Fecha,Hora,Activo,TF,Dir,Prob,LOB,Edge,Alpha,Stability,CWEV,Samples,Veredicto,Open,Close
18/3/2026,12:53:58,BTC/USD,5M,BUY,59.9,0.277,4.98,0.021,77,3.8,27,PENDIENTE,,
18/3/2026,12:58:57,XRP/USD,5M,BUY,60.7,0.209,5.74,0.030,86,5.0,30,PENDIENTE,,
18/3/2026,13:00:24,BTC/USD,5M,BUY,59.9,0.277,4.98,0.021,77,3.8,27,GANADA,71432.96,71467.82
18/3/2026,13:03:59,BTC/USD,5M,SELL,66.1,-0.160,-11.18,0.039,63,7.0,28,PENDIENTE,,
18/3/2026,13:05:25,XRP/USD,5M,BUY,60.7,0.209,5.74,0.030,86,5.0,30,GANADA,1.4407,1.4431
18/3/2026,13:08:58,XRP/USD,5M,SELL,60.6,-0.276,-5.67,0.043,91,5.2,42,PENDIENTE,,
18/3/2026,13:10:25,BTC/USD,5M,SELL,66.1,-0.160,-11.18,0.039,63,7.0,28,GANADA,71355.13,71234.02
18/3/2026,13:13:58,XRP/USD,15M,BUY,61.5,0.164,6.53,0.021,65,4.2,25,PENDIENTE,,
18/3/2026,13:15:25,XRP/USD,5M,SELL,60.6,-0.276,-5.67,0.043,91,5.2,42,GANADA,1.4407,1.4402
18/3/2026,13:18:56,ADA/USD,5M,SELL,66.6,-0.138,-11.66,0.038,65,7.5,25,PENDIENTE,,
18/3/2026,13:18:56,XRP/USD,5M,SELL,63.9,-0.272,-8.98,0.064,82,7.4,43,PENDIENTE,,
18/3/2026,13:25:26,XRP/USD,5M,SELL,63.9,-0.272,-8.98,0.064,82,7.4,43,PERDIDA,1.4388,1.4398
18/3/2026,13:25:27,ADA/USD,5M,SELL,66.6,-0.138,-11.66,0.038,65,7.5,25,GANADA,0.2704,0.2702
18/3/2026,13:28:55,SOL/USD,5M,BUY,63.0,0.266,8.10,0.052,90,7.3,36,PENDIENTE,,
18/3/2026,13:30:10,XRP/USD,15M,BUY,61.5,0.164,6.53,0.021,65,4.2,25,PERDIDA,1.4402,1.4401
18/3/2026,13:33:56,BNB/USD,5M,BUY,66.4,0.073,11.46,0.045,70,8.0,28,PENDIENTE,,
18/3/2026,13:35:11,SOL/USD,5M,BUY,63.0,0.266,8.10,0.052,90,7.3,36,PERDIDA,88.9,88.85
18/3/2026,13:40:11,BNB/USD,5M,BUY,66.4,0.073,11.46,0.045,70,8.0,28,GANADA,648,649.32
18/3/2026,13:43:58,DOGE/USD,15M,BUY,67.0,0.261,12.10,0.047,78,9.4,25,PENDIENTE,,
18/3/2026,13:48:57,BNB/USD,5M,SELL,69.7,-0.735,-14.79,0.077,74,11.0,35,PENDIENTE,,
18/3/2026,13:48:57,ETH/USD,5M,SELL,64.0,-0.990,-9.03,0.049,80,7.2,34,PENDIENTE,,
18/3/2026,13:53:58,BNB/USD,5M,BUY,64.3,0.364,9.35,0.067,86,8.0,42,PENDIENTE,,
18/3/2026,13:55:11,ETH/USD,5M,SELL,64.0,-0.990,-9.03,0.049,80,7.2,34,PERDIDA,2180.1,2185.36
18/3/2026,13:55:12,BNB/USD,5M,SELL,69.7,-0.735,-14.79,0.077,74,11.0,35,PERDIDA,649.47,649.5
18/3/2026,13:58:56,ETH/USD,5M,SELL,66.6,-0.714,-11.65,0.048,80,9.3,26,PENDIENTE,,
18/3/2026,13:58:57,ETH/USD,15M,SELL,60.3,-0.714,-5.39,0.023,86,4.6,25,PENDIENTE,,
18/3/2026,14:00:11,BNB/USD,5M,BUY,64.3,0.364,9.35,0.067,86,8.0,42,PERDIDA,649.49,648.5
18/3/2026,14:00:12,DOGE/USD,15M,BUY,67.0,0.261,12.10,0.047,78,9.4,25,PERDIDA,0.09387,0.09385
18/3/2026,14:03:55,BNB/USD,5M,SELL,59.6,-0.082,-4.70,0.035,81,3.8,46,PENDIENTE,,
18/3/2026,14:05:12,ETH/USD,5M,SELL,66.6,-0.714,-11.65,0.048,80,9.3,26,PERDIDA,2181,2183.19
18/3/2026,14:10:12,BNB/USD,5M,SELL,59.6,-0.082,-4.70,0.035,81,3.8,46,GANADA,647.93,647.4
18/3/2026,14:15:12,ETH/USD,15M,SELL,60.3,-0.714,-5.39,0.023,86,4.6,25,PERDIDA,2181,2182.09
18/3/2026,14:19:00,ADA/USD,5M,SELL,65.5,-0.133,-10.54,0.068,77,8.1,42,PENDIENTE,,
18/3/2026,14:19:00,DOGE/USD,5M,BUY,61.1,0.369,6.18,0.025,80,4.9,25,PENDIENTE,,
18/3/2026,14:19:00,ETH/USD,5M,SELL,59.5,-0.998,-4.54,0.021,57,2.6,41,PENDIENTE,,
18/3/2026,14:25:12,ETH/USD,5M,SELL,59.5,-0.998,-4.54,0.021,57,2.6,41,PERDIDA,2185.79,2195.05
18/3/2026,14:25:13,DOGE/USD,5M,BUY,61.1,0.369,6.18,0.025,80,4.9,25,GANADA,0.09365,0.09404
18/3/2026,14:25:14,ADA/USD,5M,SELL,65.5,-0.133,-10.54,0.068,77,8.1,42,PERDIDA,0.2709,0.2718
18/3/2026,14:28:57,ETH/USD,5M,SELL,67.3,-0.126,-12.34,0.042,54,6.6,32,PENDIENTE,,
18/3/2026,14:28:57,SOL/USD,15M,SELL,64.8,-0.136,-9.84,0.026,53,5.2,25,PENDIENTE,,
18/3/2026,14:28:58,ETH/USD,15M,SELL,60.8,-0.126,-5.83,0.021,72,4.2,25,PENDIENTE,,
18/3/2026,14:35:12,ETH/USD,5M,SELL,67.3,-0.126,-12.34,0.042,54,6.6,32,GANADA,2198.33,2196.12
18/3/2026,14:43:57,ADA/USD,15M,SELL,66.9,-0.228,-11.93,0.049,82,9.8,25,PENDIENTE,,
18/3/2026,14:43:58,ETH/USD,5M,SELL,68.4,-0.308,-13.49,0.044,65,8.7,25,PENDIENTE,,
18/3/2026,14:45:13,ETH/USD,15M,SELL,60.8,-0.126,-5.83,0.021,72,4.2,25,PERDIDA,2198.33,2204.51
18/3/2026,14:45:14,SOL/USD,15M,SELL,64.8,-0.136,-9.84,0.026,53,5.2,25,PERDIDA,89.5,90.02
18/3/2026,14:50:13,ETH/USD,5M,SELL,68.4,-0.308,-13.49,0.044,65,8.7,25,PERDIDA,2204.51,2206.7
18/3/2026,15:00:14,ADA/USD,15M,SELL,66.9,-0.228,-11.93,0.049,82,9.8,25,PERDIDA,0.2723,0.2724
18/3/2026,15:13:57,XRP/USD,15M,SELL,62.5,-0.056,-7.60,0.028,73,5.5,25,PENDIENTE,,
18/3/2026,15:23:58,DOGE/USD,5M,BUY,64.8,0.380,9.85,0.034,68,6.7,25,PENDIENTE,,
18/3/2026,15:30:14,DOGE/USD,5M,BUY,64.8,0.380,9.85,0.034,68,6.7,25,GANADA,0.09472,0.09497
18/3/2026,15:30:15,XRP/USD,15M,SELL,62.5,-0.056,-7.60,0.028,73,5.5,25,GANADA,1.4648,1.4593
18/3/2026,15:38:57,DOGE/USD,5M,BUY,73.7,0.230,18.77,0.073,78,14.6,25,PENDIENTE,,
18/3/2026,15:45:14,DOGE/USD,5M,BUY,73.7,0.230,18.77,0.073,78,14.6,25,GANADA,0.09493,0.09504
18/3/2026,15:58:57,ADA/USD,30M,SELL,60.6,-0.129,-5.71,0.025,86,4.9,25,PENDIENTE,,
18/3/2026,16:03:57,XRP/USD,5M,BUY,71.7,0.281,16.81,0.084,93,15.6,27,PENDIENTE,,
18/3/2026,16:03:57,BNB/USD,5M,BUY,62.2,0.146,7.28,0.036,83,6.1,30,PENDIENTE,,
18/3/2026,16:08:56,ETH/USD,5M,SELL,63.0,-0.973,-8.07,0.032,80,6.4,25,PENDIENTE,,
18/3/2026,16:10:15,BNB/USD,5M,BUY,62.2,0.146,7.28,0.036,83,6.1,30,GANADA,649.73,650.12
18/3/2026,16:10:16,XRP/USD,5M,BUY,71.7,0.281,16.81,0.084,93,15.6,27,GANADA,1.4581,1.4599
18/3/2026,16:13:58,ADA/USD,5M,SELL,72.4,-0.272,-17.43,0.087,100,17.4,25,PENDIENTE,,
18/3/2026,16:13:58,BTC/USD,5M,SELL,66.8,-0.467,-11.86,0.032,53,6.3,25,PENDIENTE,,
18/3/2026,16:15:15,ETH/USD,5M,SELL,63.0,-0.973,-8.07,0.032,80,6.4,25,GANADA,2192.68,2188.62
18/3/2026,16:18:55,BTC/USD,5M,BUY,63.9,0.999,8.91,0.038,78,7.0,27,PENDIENTE,,
18/3/2026,16:20:15,BTC/USD,5M,SELL,66.8,-0.467,-11.86,0.032,53,6.3,25,PERDIDA,71342.01,71437.52
18/3/2026,16:20:16,ADA/USD,5M,SELL,72.4,-0.272,-17.43,0.087,100,17.4,25,PERDIDA,0.273,0.2736
18/3/2026,16:25:16,BTC/USD,5M,BUY,63.9,0.999,8.91,0.038,78,7.0,27,PERDIDA,71437.51,71300.01
18/3/2026,16:28:56,XRP/USD,30M,SELL,62.6,-0.029,-7.67,0.025,65,5.0,25,PENDIENTE,,
18/3/2026,16:28:57,XRP/USD,5M,SELL,59.3,-0.029,-4.34,0.024,70,3.0,40,PENDIENTE,,
18/3/2026,16:30:16,ADA/USD,30M,SELL,60.6,-0.129,-5.71,0.025,86,4.9,25,PERDIDA,0.2719,0.2728
18/3/2026,16:33:56,XRP/USD,5M,BUY,64.0,0.056,9.11,0.059,84,7.6,39,PENDIENTE,,
18/3/2026,16:33:57,DOGE/USD,5M,BUY,61.5,0.159,6.61,0.027,82,5.4,25,PENDIENTE,,
18/3/2026,16:35:16,XRP/USD,5M,SELL,59.3,-0.029,-4.34,0.024,70,3.0,40,PERDIDA,1.4539,1.4551
18/3/2026,16:38:57,ETH/USD,5M,SELL,66.9,-0.839,-11.99,0.073,87,10.4,35,PENDIENTE,,
18/3/2026,16:38:57,BNB/USD,5M,BUY,63.3,0.514,8.38,0.039,78,6.5,30,PENDIENTE,,
18/3/2026,16:40:16,DOGE/USD,5M,BUY,61.5,0.159,6.61,0.027,82,5.4,25,PERDIDA,0.09505,0.09498
18/3/2026,16:40:17,XRP/USD,5M,BUY,64.0,0.056,9.11,0.059,84,7.6,39,PERDIDA,1.4552,1.455
18/3/2026,16:44:01,DOGE/USD,5M,SELL,65.6,-0.167,-10.68,0.053,100,10.7,25,PENDIENTE,,
18/3/2026,16:45:16,BNB/USD,5M,BUY,63.3,0.514,8.38,0.039,78,6.5,30,PERDIDA,648.89,648.25
18/3/2026,16:45:17,ETH/USD,5M,SELL,66.9,-0.839,-11.99,0.073,87,10.4,35,PERDIDA,2191.12,2191.3
18/3/2026,16:48:55,ETH/USD,5M,SELL,61.5,-0.238,-6.57,0.044,90,5.9,37,PENDIENTE,,
18/3/2026,16:50:16,DOGE/USD,5M,SELL,65.6,-0.167,-10.68,0.053,100,10.7,25,GANADA,0.09474,0.09462
18/3/2026,16:53:58,ADA/USD,5M,SELL,65.1,-0.269,-10.15,0.032,63,6.3,25,PENDIENTE,,
18/3/2026,16:55:16,ETH/USD,5M,SELL,61.5,-0.238,-6.57,0.044,90,5.9,37,GANADA,2185.72,2185.56
18/3/2026,16:58:55,ADA/USD,5M,SELL,71.5,-0.202,-16.57,0.059,72,11.9,25,PENDIENTE,,
18/3/2026,16:58:56,BNB/USD,15M,BUY,62.3,0.551,7.37,0.034,91,6.7,25,PENDIENTE,,
18/3/2026,16:58:56,ETH/USD,30M,SELL,63.1,-0.952,-8.14,0.033,82,6.7,25,PENDIENTE,,
18/3/2026,16:58:57,BTC/USD,1H,SELL,62.9,-0.495,-7.98,0.033,82,6.6,25,PENDIENTE,,
18/3/2026,16:58:57,ETH/USD,5M,SELL,63.6,-0.952,-8.69,0.032,73,6.3,25,PENDIENTE,,
18/3/2026,16:58:57,ETH/USD,1H,SELL,63.7,-0.952,-8.77,0.028,65,5.7,25,PENDIENTE,,
18/3/2026,17:00:17,ADA/USD,5M,SELL,65.1,-0.269,-10.15,0.032,63,6.3,25,GANADA,0.2725,0.2724
18/3/2026,17:00:17,XRP/USD,30M,SELL,62.6,-0.029,-7.67,0.025,65,5.0,25,GANADA,1.4539,1.4493
18/3/2026,17:03:57,ADA/USD,5M,SELL,67.8,-0.198,-12.83,0.053,82,10.6,25,PENDIENTE,,
18/3/2026,17:05:17,ETH/USD,5M,SELL,63.6,-0.952,-8.69,0.032,73,6.3,25,GANADA,2185.85,2184.35
18/3/2026,17:05:17,ADA/USD,5M,SELL,71.5,-0.202,-16.57,0.059,72,11.9,25,GANADA,0.2724,0.2723
18/3/2026,17:08:54,BNB/USD,5M,BUY,64.6,0.883,9.69,0.071,94,9.1,39,PENDIENTE,,
18/3/2026,17:08:55,ADA/USD,5M,SELL,65.4,-0.276,-10.46,0.038,73,7.6,25,PENDIENTE,,
18/3/2026,17:10:17,ADA/USD,5M,SELL,67.8,-0.198,-12.83,0.053,82,10.6,25,GANADA,0.2724,0.2709
18/3/2026,17:13:57,DOGE/USD,15M,SELL,67.0,-0.485,-12.04,0.039,65,7.8,25,PENDIENTE,,
18/3/2026,17:15:17,ADA/USD,5M,SELL,65.4,-0.276,-10.46,0.038,73,7.6,25,PERDIDA,0.2709,0.2718
18/3/2026,17:15:18,BNB/USD,5M,BUY,64.6,0.883,9.69,0.071,94,9.1,39,GANADA,645.56,646.9
18/3/2026,17:15:19,BNB/USD,15M,BUY,62.3,0.551,7.37,0.034,91,6.7,25,PERDIDA,648.09,646.9
18/3/2026,17:19:00,ADA/USD,5M,SELL,69.2,-0.165,-14.23,0.042,59,8.4,25,PENDIENTE,,
18/3/2026,17:25:17,ADA/USD,5M,SELL,69.2,-0.165,-14.23,0.042,59,8.4,25,PERDIDA,0.2713,0.2716
18/3/2026,17:30:18,DOGE/USD,15M,SELL,67.0,-0.485,-12.04,0.039,65,7.8,25,PERDIDA,0.09447,0.09456
18/3/2026,17:30:18,ETH/USD,30M,SELL,63.1,-0.952,-8.14,0.033,82,6.7,25,GANADA,2185.85,2176.68
18/3/2026,17:33:55,SOL/USD,5M,BUY,62.3,0.122,7.40,0.031,84,6.2,25,PENDIENTE,,
18/3/2026,17:33:55,ETH/USD,5M,BUY,62.6,0.581,7.69,0.028,72,5.5,25,PENDIENTE,,
18/3/2026,17:40:18,ETH/USD,5M,BUY,62.6,0.581,7.69,0.028,72,5.5,25,GANADA,2183.27,2184.99
18/3/2026,17:40:19,SOL/USD,5M,BUY,62.3,0.122,7.40,0.031,84,6.2,25,GANADA,89.84,89.95
18/3/2026,17:43:56,XRP/USD,5M,SELL,62.5,-0.051,-7.59,0.024,63,4.7,25,PENDIENTE,,
18/3/2026,17:48:57,ADA/USD,5M,SELL,63.1,-0.180,-8.20,0.030,73,6.0,25,PENDIENTE,,
18/3/2026,17:50:18,XRP/USD,5M,SELL,62.5,-0.051,-7.59,0.024,63,4.7,25,PERDIDA,1.4586,1.4611
18/3/2026,17:53:56,XRP/USD,5M,SELL,65.8,-0.293,-10.86,0.029,53,5.7,25,PENDIENTE,,
18/3/2026,17:55:18,ADA/USD,5M,SELL,63.1,-0.180,-8.20,0.030,73,6.0,25,GANADA,0.2737,0.2734
18/3/2026,17:58:56,XRP/USD,5M,SELL,71.6,-0.287,-16.66,0.077,82,13.7,28,PENDIENTE,,
18/3/2026,17:58:57,ADA/USD,1H,SELL,69.7,-0.086,-14.79,0.059,80,11.8,25,PENDIENTE,,
18/3/2026,17:58:57,DOGE/USD,30M,BUY,67.1,0.028,12.19,0.050,82,10.0,25,PENDIENTE,,
18/3/2026,17:58:58,BNB/USD,5M,SELL,61.8,-0.597,-6.82,0.028,82,5.6,25,PENDIENTE,,
18/3/2026,17:58:58,ETH/USD,5M,BUY,59.5,0.441,4.52,0.021,80,3.6,29,PENDIENTE,,
18/3/2026,17:58:58,SOL/USD,5M,BUY,59.0,0.387,4.05,0.025,88,3.6,35,PENDIENTE,,
18/3/2026,18:00:18,XRP/USD,5M,SELL,65.8,-0.293,-10.86,0.029,53,5.7,25,EMPATE,1.4592,1.4592
18/3/2026,18:00:19,ETH/USD,1H,SELL,63.7,-0.952,-8.77,0.028,65,5.7,25,PERDIDA,2185.85,2187.36
18/3/2026,18:00:20,BTC/USD,1H,SELL,62.9,-0.495,-7.98,0.033,82,6.6,25,PERDIDA,71072.38,71214.67
18/3/2026,18:05:19,SOL/USD,5M,BUY,59.0,0.387,4.05,0.025,88,3.6,35,GANADA,89.99,90.1
18/3/2026,18:05:19,ETH/USD,5M,BUY,59.5,0.441,4.52,0.021,80,3.6,29,GANADA,2187.36,2191.18
18/3/2026,18:05:20,BNB/USD,5M,SELL,61.8,-0.597,-6.82,0.028,82,5.6,25,PERDIDA,650.23,650.86
18/3/2026,18:05:21,XRP/USD,5M,SELL,71.6,-0.287,-16.66,0.077,82,13.7,28,PERDIDA,1.4591,1.4595
18/3/2026,18:13:56,DOGE/USD,15M,SELL,63.1,-0.218,-8.15,0.030,73,5.9,25,PENDIENTE,,
18/3/2026,18:13:56,ETH/USD,15M,SELL,64.0,-0.939,-9.04,0.024,53,4.8,25,PENDIENTE,,
18/3/2026,18:23:58,ETH/USD,5M,SELL,69.7,-0.840,-14.77,0.072,63,9.2,39,PENDIENTE,,
18/3/2026,18:30:19,ETH/USD,5M,SELL,69.7,-0.840,-14.77,0.072,63,9.2,39,PERDIDA,2197.04,2197.35
18/3/2026,18:30:20,ETH/USD,15M,SELL,64.0,-0.939,-9.04,0.024,53,4.8,25,PERDIDA,2189,2197.35
18/3/2026,18:30:21,DOGE/USD,15M,SELL,63.1,-0.218,-8.15,0.030,73,5.9,25,PERDIDA,0.0952,0.09536
18/3/2026,18:30:22,DOGE/USD,30M,BUY,67.1,0.028,12.19,0.050,82,10.0,25,GANADA,0.09514,0.09536
18/3/2026,18:33:56,ETH/USD,5M,SELL,60.4,-0.190,-5.45,0.027,72,3.9,34,PENDIENTE,,
18/3/2026,18:40:20,ETH/USD,5M,SELL,60.4,-0.190,-5.45,0.027,72,3.9,34,PERDIDA,2193.17,2201.99
18/3/2026,18:53:58,ETH/USD,5M,BUY,69.5,0.960,14.60,0.062,82,12.0,26,PENDIENTE,,
18/3/2026,18:58:57,XRP/USD,1H,SELL,69.4,-0.129,-14.50,0.058,80,11.6,25,PENDIENTE,,
18/3/2026,18:58:58,BTC/USD,15M,SELL,67.1,-0.705,-12.11,0.036,60,7.2,25,PENDIENTE,,
18/3/2026,18:58:58,XRP/USD,5M,SELL,62.4,-0.129,-7.48,0.031,82,6.2,25,PENDIENTE,,
18/3/2026,18:58:59,DOGE/USD,1H,BUY,61.3,0.120,6.39,0.022,67,4.3,25,PENDIENTE,,
18/3/2026,19:00:20,ETH/USD,5M,BUY,69.5,0.960,14.60,0.062,82,12.0,26,PERDIDA,2203.05,2202.49
18/3/2026,19:00:21,ADA/USD,1H,SELL,69.7,-0.086,-14.79,0.059,80,11.8,25,PERDIDA,0.2733,0.2742
18/3/2026,19:03:57,BNB/USD,5M,SELL,62.9,-0.529,-7.92,0.026,65,5.1,25,PENDIENTE,,
18/3/2026,19:05:20,XRP/USD,5M,SELL,62.4,-0.129,-7.48,0.031,82,6.2,25,GANADA,1.4675,1.464
18/3/2026,19:10:20,BNB/USD,5M,SELL,62.9,-0.529,-7.92,0.026,65,5.1,25,GANADA,651.54,651.26
18/3/2026,19:13:57,BTC/USD,15M,SELL,66.4,-0.605,-11.46,0.037,65,7.4,25,PENDIENTE,,
18/3/2026,19:15:21,BTC/USD,15M,SELL,67.1,-0.705,-12.11,0.036,60,7.2,25,GANADA,71263.67,70998.45
18/3/2026,19:18:55,XRP/USD,5M,BUY,60.3,0.034,5.41,0.024,89,4.8,25,PENDIENTE,,
18/3/2026,19:25:21,XRP/USD,5M,BUY,60.3,0.034,5.41,0.024,89,4.8,25,GANADA,1.4627,1.4636
18/3/2026,19:28:56,ADA/USD,15M,SELL,65.0,-0.167,-10.03,0.041,82,8.3,25,PENDIENTE,,
18/3/2026,19:28:57,XRP/USD,5M,SELL,59.1,-0.222,-4.21,0.020,80,3.3,30,PENDIENTE,,
18/3/2026,19:30:21,BTC/USD,15M,SELL,66.4,-0.605,-11.46,0.037,65,7.4,25,PERDIDA,70998.44,71085.58
18/3/2026,19:33:55,BTC/USD,5M,BUY,62.6,0.846,7.65,0.027,72,5.5,25,PENDIENTE,,
18/3/2026,19:35:21,XRP/USD,5M,SELL,59.1,-0.222,-4.21,0.020,80,3.3,30,GANADA,1.4631,1.463
18/3/2026,19:38:58,BNB/USD,5M,SELL,61.4,-0.485,-6.49,0.024,73,4.7,25,PENDIENTE,,
18/3/2026,19:38:58,XRP/USD,5M,SELL,60.9,-0.446,-5.92,0.022,73,4.3,26,PENDIENTE,,
18/3/2026,19:40:21,BTC/USD,5M,BUY,62.6,0.846,7.65,0.027,72,5.5,25,GANADA,71033.88,71036.92
18/3/2026,19:43:57,XRP/USD,15M,SELL,60.9,-0.184,-5.99,0.022,73,4.4,25,PENDIENTE,,
18/3/2026,19:45:22,XRP/USD,5M,SELL,60.9,-0.446,-5.92,0.022,73,4.3,26,GANADA,1.4618,1.4613
18/3/2026,19:45:22,BNB/USD,5M,SELL,61.4,-0.485,-6.49,0.024,73,4.7,25,PERDIDA,651.41,651.57
18/3/2026,19:45:23,ADA/USD,15M,SELL,65.0,-0.167,-10.03,0.041,82,8.3,25,GANADA,0.2739,0.2736
18/3/2026,19:53:56,XRP/USD,5M,SELL,59.9,-0.239,-4.99,0.025,100,5.0,25,PENDIENTE,,
18/3/2026,19:53:56,ADA/USD,5M,SELL,64.0,-0.239,-9.11,0.024,53,4.8,25,PENDIENTE,,
18/3/2026,19:58:54,SOL/USD,15M,SELL,68.6,-0.116,-13.63,0.054,80,10.9,25,PENDIENTE,,
18/3/2026,19:58:55,ETH/USD,15M,BUY,66.8,0.997,11.85,0.046,78,9.2,25,PENDIENTE,,
18/3/2026,20:00:22,ADA/USD,5M,SELL,64.0,-0.239,-9.11,0.024,53,4.8,25,PERDIDA,0.2735,0.2737
18/3/2026,20:00:23,XRP/USD,5M,SELL,59.9,-0.239,-4.99,0.025,100,5.0,25,PERDIDA,1.4609,1.4625
18/3/2026,20:00:23,XRP/USD,15M,SELL,60.9,-0.184,-5.99,0.022,73,4.4,25,PERDIDA,1.4612,1.4625
18/3/2026,20:00:24,DOGE/USD,1H,BUY,61.3,0.120,6.39,0.022,67,4.3,25,PERDIDA,0.09535,0.09499
18/3/2026,20:00:25,XRP/USD,1H,SELL,69.4,-0.129,-14.50,0.058,80,11.6,25,GANADA,1.4675,1.4625
18/3/2026,20:13:57,ADA/USD,5M,SELL,72.2,-0.109,-17.21,0.062,72,12.3,25,PENDIENTE,,
18/3/2026,20:15:22,ETH/USD,15M,BUY,66.8,0.997,11.85,0.046,78,9.2,25,PERDIDA,2194.41,2193.56
18/3/2026,20:15:23,SOL/USD,15M,SELL,68.6,-0.116,-13.63,0.054,80,10.9,25,GANADA,90.02,89.8
18/3/2026,20:20:23,ADA/USD,5M,SELL,72.2,-0.109,-17.21,0.062,72,12.3,25,PERDIDA,0.2734,0.2735
18/3/2026,20:23:59,BNB/USD,5M,BUY,62.9,0.317,7.96,0.027,67,5.4,25,PENDIENTE,,
18/3/2026,20:30:23,BNB/USD,5M,BUY,62.9,0.317,7.96,0.027,67,5.4,25,GANADA,651.14,651.55
18/3/2026,20:38:57,XRP/USD,5M,SELL,59.7,-0.226,-4.77,0.020,86,4.1,25,PENDIENTE,,
18/3/2026,20:43:56,ADA/USD,5M,SELL,68.7,-0.069,-13.81,0.041,60,8.2,25,PENDIENTE,,
18/3/2026,20:43:57,ETH/USD,15M,BUY,61.8,0.967,6.83,0.031,91,6.2,25,PENDIENTE,,
18/3/2026,20:45:23,XRP/USD,5M,SELL,59.7,-0.226,-4.77,0.020,86,4.1,25,GANADA,1.4657,1.4635
18/3/2026,20:50:23,ADA/USD,5M,SELL,68.7,-0.069,-13.81,0.041,60,8.2,25,PERDIDA,0.2742,0.2744
18/3/2026,20:58:58,SOL/USD,30M,BUY,66.7,0.217,11.75,0.048,82,9.7,25,PENDIENTE,,
18/3/2026,20:58:59,ETH/USD,1H,SELL,66.3,-0.121,-11.41,0.047,82,9.4,25,PENDIENTE,,
18/3/2026,20:58:59,DOGE/USD,30M,BUY,62.1,0.325,7.13,0.026,72,5.1,25,PENDIENTE,,
18/3/2026,21:00:24,ETH/USD,15M,BUY,61.8,0.967,6.83,0.031,91,6.2,25,GANADA,2202.33,2203.39
18/3/2026,21:03:54,ADA/USD,5M,SELL,62.9,-0.098,-7.94,0.021,53,4.2,25,PENDIENTE,,
18/3/2026,21:03:54,XRP/USD,5M,SELL,59.6,-0.058,-4.66,0.024,89,4.2,29,PENDIENTE,,
18/3/2026,21:10:24,XRP/USD,5M,SELL,59.6,-0.058,-4.66,0.024,89,4.2,29,GANADA,1.4636,1.4615
18/3/2026,21:10:25,ADA/USD,5M,SELL,62.9,-0.098,-7.94,0.021,53,4.2,25,GANADA,0.2743,0.2739
18/3/2026,21:14:02,SOL/USD,5M,BUY,60.6,0.132,5.64,0.032,86,4.9,33,PENDIENTE,,
18/3/2026,21:20:24,SOL/USD,5M,BUY,60.6,0.132,5.64,0.032,86,4.9,33,PERDIDA,90.08,90
18/3/2026,21:24:00,DOGE/USD,5M,BUY,79.4,0.706,24.50,0.100,81,19.9,25,PENDIENTE,,
18/3/2026,21:28:58,BTC/USD,5M,BUY,72.0,0.987,17.02,0.078,92,15.6,25,PENDIENTE,,
18/3/2026,21:28:58,BTC/USD,30M,BUY,70.1,0.987,15.18,0.066,86,13.1,25,PENDIENTE,,
18/3/2026,21:28:59,BTC/USD,15M,BUY,61.6,0.987,6.66,0.028,84,5.6,25,PENDIENTE,,
18/3/2026,21:30:25,DOGE/USD,5M,BUY,79.4,0.706,24.50,0.100,81,19.9,25,GANADA,0.09528,0.09548
18/3/2026,21:30:25,DOGE/USD,30M,BUY,62.1,0.325,7.13,0.026,72,5.1,25,GANADA,0.09526,0.09548
18/3/2026,21:30:26,SOL/USD,30M,BUY,66.7,0.217,11.75,0.048,82,9.7,25,GANADA,90.07,90.29
18/3/2026,21:34:00,BTC/USD,5M,SELL,63.2,-0.927,-8.29,0.034,82,6.8,25,PENDIENTE,,
18/3/2026,21:34:01,ADA/USD,5M,SELL,62.1,-0.201,-7.16,0.029,82,5.9,25,PENDIENTE,,
18/3/2026,21:35:25,BTC/USD,5M,BUY,72.0,0.987,17.02,0.078,92,15.6,25,PERDIDA,71296.69,71119.42
18/3/2026,21:38:55,BTC/USD,5M,SELL,63.9,-0.888,-8.97,0.029,65,5.8,25,PENDIENTE,,
18/3/2026,21:40:25,ADA/USD,5M,SELL,62.1,-0.201,-7.16,0.029,82,5.9,25,PERDIDA,0.273,0.2731
18/3/2026,21:40:26,BTC/USD,5M,SELL,63.2,-0.927,-8.29,0.034,82,6.8,25,GANADA,71119.43,71113.25
18/3/2026,21:45:25,BTC/USD,5M,SELL,63.9,-0.888,-8.97,0.029,65,5.8,25,GANADA,71113.25,71059.51
18/3/2026,21:45:26,BTC/USD,15M,BUY,61.6,0.987,6.66,0.028,84,5.6,25,PERDIDA,71296.69,71059.51
18/3/2026,21:53:59,BTC/USD,5M,SELL,66.4,-0.229,-11.44,0.030,53,6.0,25,PENDIENTE,,
18/3/2026,21:53:59,BNB/USD,5M,BUY,61.6,0.368,6.64,0.030,90,6.0,25,PENDIENTE,,
18/3/2026,21:54:00,SOL/USD,5M,BUY,62.1,0.152,7.11,0.030,84,6.0,25,PENDIENTE,,
18/3/2026,21:59:00,ADA/USD,30M,SELL,63.4,-0.269,-8.45,0.035,82,7.0,25,PENDIENTE,,
18/3/2026,21:59:01,SOL/USD,5M,SELL,63.2,-0.054,-8.26,0.027,65,5.3,25,PENDIENTE,,
18/3/2026,22:00:11,SOL/USD,5M,BUY,62.1,0.152,7.11,0.030,84,6.0,25,PERDIDA,90.16,90.11
18/3/2026,22:00:11,BNB/USD,5M,BUY,61.6,0.368,6.64,0.030,90,6.0,25,PERDIDA,651.53,651.48
18/3/2026,22:00:12,BTC/USD,5M,SELL,66.4,-0.229,-11.44,0.030,53,6.0,25,GANADA,71039.84,71002.17
18/3/2026,22:00:13,BTC/USD,30M,BUY,70.1,0.987,15.18,0.066,86,13.1,25,PERDIDA,71296.69,71002.17
18/3/2026,22:00:14,ETH/USD,1H,SELL,66.3,-0.121,-11.41,0.047,82,9.4,25,GANADA,2203.39,2193.34
18/3/2026,22:03:57,ADA/USD,5M,SELL,66.4,-0.298,-11.47,0.034,59,6.8,25,PENDIENTE,,
18/3/2026,22:05:11,SOL/USD,5M,SELL,63.2,-0.054,-8.26,0.027,65,5.3,25,GANADA,90.11,90.01
18/3/2026,22:10:11,ADA/USD,5M,SELL,66.4,-0.298,-11.47,0.034,59,6.8,25,GANADA,0.2728,0.2727
18/3/2026,22:18:58,SOL/USD,5M,BUY,64.5,0.086,9.59,0.044,69,6.6,33,PENDIENTE,,
18/3/2026,22:23:57,ADA/USD,5M,SELL,64.6,-0.206,-9.68,0.039,80,7.7,25,PENDIENTE,,
18/3/2026,22:23:57,BTC/USD,5M,SELL,64.0,-0.884,-9.06,0.037,82,7.5,25,PENDIENTE,,
18/3/2026,22:25:11,SOL/USD,5M,BUY,64.5,0.086,9.59,0.044,69,6.6,33,PERDIDA,90.07,90.03
18/3/2026,22:28:59,ETH/USD,15M,BUY,77.4,0.940,22.48,0.096,85,19.1,25,PENDIENTE,,
18/3/2026,22:28:59,ETH/USD,30M,BUY,65.7,0.940,10.75,0.044,82,8.8,25,PENDIENTE,,
18/3/2026,22:30:11,BTC/USD,5M,SELL,64.0,-0.884,-9.06,0.037,82,7.5,25,PERDIDA,70979.23,71067.29
18/3/2026,22:30:12,ADA/USD,5M,SELL,64.6,-0.206,-9.68,0.039,80,7.7,25,PERDIDA,0.2728,0.2731
18/3/2026,22:30:13,ADA/USD,30M,SELL,63.4,-0.269,-8.45,0.035,82,7.0,25,PERDIDA,0.273,0.2731
18/3/2026,22:44:00,SOL/USD,15M,BUY,69.9,0.062,15.01,0.059,78,11.7,25,PENDIENTE,,
18/3/2026,22:45:12,ETH/USD,15M,BUY,77.4,0.940,22.48,0.096,85,19.1,25,GANADA,2192.67,2199.65
18/3/2026,22:48:54,SOL/USD,5M,BUY,63.0,0.035,8.11,0.035,78,6.3,28,PENDIENTE,,
18/3/2026,22:53:55,XRP/USD,5M,BUY,64.3,0.185,9.32,0.057,93,8.7,33,PENDIENTE,,
18/3/2026,22:55:12,SOL/USD,5M,BUY,63.0,0.035,8.11,0.035,78,6.3,28,PERDIDA,90.36,90.32
18/3/2026,22:58:59,ADA/USD,30M,SELL,63.0,-0.099,-8.06,0.029,73,5.9,25,PENDIENTE,,
18/3/2026,22:58:59,XRP/USD,5M,SELL,61.1,-0.163,-6.20,0.031,77,4.8,33,PENDIENTE,,
18/3/2026,23:00:12,XRP/USD,5M,BUY,64.3,0.185,9.32,0.057,93,8.7,33,PERDIDA,1.4638,1.4618
18/3/2026,23:00:13,SOL/USD,15M,BUY,69.9,0.062,15.01,0.059,78,11.7,25,PERDIDA,90.32,90.19
18/3/2026,23:00:14,ETH/USD,30M,BUY,65.7,0.940,10.75,0.044,82,8.8,25,GANADA,2192.67,2196.92
18/3/2026,23:03:58,ETH/USD,5M,BUY,61.8,0.294,6.89,0.045,93,6.4,35,PENDIENTE,,
18/3/2026,23:05:12,XRP/USD,5M,SELL,61.1,-0.163,-6.20,0.031,77,4.8,33,GANADA,1.4617,1.4585
18/3/2026,23:10:13,ETH/USD,5M,BUY,61.8,0.294,6.89,0.045,93,6.4,35,GANADA,2194.11,2197.32
18/3/2026,23:14:47,DOGE/USD,5M,BUY,69.9,0.519,14.95,0.065,86,12.9,25,PENDIENTE,,
18/3/2026,23:14:47,ADA/USD,5M,SELL,63.0,-0.216,-8.01,0.024,60,4.8,25,PENDIENTE,,
18/3/2026,23:20:13,ADA/USD,5M,SELL,63.0,-0.216,-8.01,0.024,60,4.8,25,GANADA,0.2724,0.2723
18/3/2026,23:20:14,DOGE/USD,5M,BUY,69.9,0.519,14.95,0.065,86,12.9,25,GANADA,0.09481,0.09485
18/3/2026,23:29:01,SOL/USD,30M,SELL,69.2,-0.104,-14.23,0.057,80,11.4,25,PENDIENTE,,
18/3/2026,23:29:02,ADA/USD,5M,SELL,64.4,-0.170,-9.44,0.034,73,6.9,25,PENDIENTE,,
18/3/2026,23:29:02,BTC/USD,5M,BUY,62.7,0.335,7.76,0.032,84,6.5,25,PENDIENTE,,
18/3/2026,23:29:03,ADA/USD,30M,SELL,66.1,-0.170,-11.18,0.030,53,5.9,25,PENDIENTE,,
18/3/2026,23:30:13,ADA/USD,30M,SELL,63.0,-0.099,-8.06,0.029,73,5.9,25,GANADA,0.2732,0.2723
18/3/2026,23:35:13,BTC/USD,5M,BUY,62.7,0.335,7.76,0.032,84,6.5,25,GANADA,71245,71245.09
18/3/2026,23:35:14,ADA/USD,5M,SELL,64.4,-0.170,-9.44,0.034,73,6.9,25,PERDIDA,0.2723,0.2724
18/3/2026,23:44:03,DOGE/USD,5M,BUY,67.2,0.349,12.30,0.053,86,10.6,25,PENDIENTE,,
18/3/2026,23:44:04,DOGE/USD,15M,BUY,61.4,0.349,6.46,0.027,84,5.4,25,PENDIENTE,,
18/3/2026,23:48:58,BNB/USD,5M,BUY,61.2,0.301,6.26,0.041,86,5.4,38,PENDIENTE,,
18/3/2026,23:50:14,DOGE/USD,5M,BUY,67.2,0.349,12.30,0.053,86,10.6,25,PERDIDA,0.09483,0.09464
18/3/2026,23:55:14,BNB/USD,5M,BUY,61.2,0.301,6.26,0.041,86,5.4,38,PERDIDA,651,650.7
18/3/2026,23:58:57,XRP/USD,30M,BUY,62.7,0.197,7.79,0.027,68,5.3,25,PENDIENTE,,
19/3/2026,00:00:14,DOGE/USD,15M,BUY,61.4,0.349,6.46,0.027,84,5.4,25,PERDIDA,0.09483,0.09457
19/3/2026,00:00:15,ADA/USD,30M,SELL,66.1,-0.170,-11.18,0.030,53,5.9,25,GANADA,0.2723,0.2721
19/3/2026,00:00:15,SOL/USD,30M,SELL,69.2,-0.104,-14.23,0.057,80,11.4,25,GANADA,90.35,89.99
19/3/2026,00:03:59,DOGE/USD,5M,BUY,64.8,0.231,9.86,0.045,91,9.0,25,PENDIENTE,,
19/3/2026,00:10:14,DOGE/USD,5M,BUY,64.8,0.231,9.86,0.045,91,9.0,25,GANADA,0.09469,0.09491
19/3/2026,00:13:56,BTC/USD,15M,SELL,64.1,-0.802,-9.15,0.033,73,6.7,25,PENDIENTE,,
19/3/2026,00:13:57,ETH/USD,5M,SELL,62.3,-0.700,-7.37,0.035,82,6.1,29,PENDIENTE,,
19/3/2026,00:20:15,ETH/USD,5M,SELL,62.3,-0.700,-7.37,0.035,82,6.1,29,PERDIDA,2205.37,2224.17
19/3/2026,00:29:02,BNB/USD,15M,SELL,62.2,-0.358,-7.23,0.026,73,5.3,25,PENDIENTE,,
19/3/2026,00:29:02,ADA/USD,30M,SELL,62.9,-0.192,-7.97,0.021,53,4.2,25,PENDIENTE,,
19/3/2026,00:30:15,BTC/USD,15M,SELL,64.1,-0.802,-9.15,0.033,73,6.7,25,PERDIDA,71185,71494.89
19/3/2026,00:30:16,XRP/USD,30M,BUY,62.7,0.197,7.79,0.027,68,5.3,25,GANADA,1.4575,1.4771
19/3/2026,00:45:15,BNB/USD,15M,SELL,62.2,-0.358,-7.23,0.026,73,5.3,25,GANADA,655.78,652.65
19/3/2026,00:54:01,ADA/USD,5M,BUY,68.5,0.337,13.58,0.053,78,10.6,25,PENDIENTE,,
19/3/2026,00:59:00,DOGE/USD,1H,BUY,66.7,0.319,11.80,0.045,77,9.0,25,PENDIENTE,,
19/3/2026,01:00:16,ADA/USD,5M,BUY,68.5,0.337,13.58,0.053,78,10.6,25,PERDIDA,0.275,0.2746
19/3/2026,01:00:16,ADA/USD,30M,SELL,62.9,-0.192,-7.97,0.021,53,4.2,25,GANADA,0.2763,0.2746
19/3/2026,01:14:02,SOL/USD,5M,SELL,63.3,-0.421,-8.38,0.039,74,6.2,31,PENDIENTE,,
19/3/2026,01:14:02,BNB/USD,15M,SELL,64.1,-0.372,-9.21,0.024,53,4.9,25,PENDIENTE,,
19/3/2026,01:20:16,SOL/USD,5M,SELL,63.3,-0.421,-8.38,0.039,74,6.2,31,GANADA,90.23,90.1
19/3/2026,01:29:01,ETH/USD,30M,SELL,61.0,-0.994,-6.09,0.022,73,4.4,25,PENDIENTE,,
19/3/2026,01:30:17,BNB/USD,15M,SELL,64.1,-0.372,-9.21,0.024,53,4.9,25,GANADA,649.76,648.99
19/3/2026,02:00:18,ETH/USD,30M,SELL,61.0,-0.994,-6.09,0.022,73,4.4,25,GANADA,2194.67,2193.61
19/3/2026,02:00:18,DOGE/USD,1H,BUY,66.7,0.319,11.80,0.045,77,9.0,25,PERDIDA,0.09545,0.09478
19/3/2026,02:04:01,SOL/USD,5M,SELL,64.1,-0.419,-9.20,0.027,60,5.5,25,PENDIENTE,,
19/3/2026,02:08:59,ADA/USD,5M,SELL,71.9,-0.021,-17.00,0.050,59,10.1,25,PENDIENTE,,
19/3/2026,02:08:59,XRP/USD,5M,SELL,63.0,-0.060,-8.04,0.032,80,6.4,25,PENDIENTE,,
19/3/2026,02:09:00,BTC/USD,5M,SELL,63.5,-0.809,-8.60,0.031,73,6.3,25,PENDIENTE,,
19/3/2026,02:10:18,SOL/USD,5M,SELL,64.1,-0.419,-9.20,0.027,60,5.5,25,PERDIDA,89.92,89.93
19/3/2026,02:15:18,BTC/USD,5M,SELL,63.5,-0.809,-8.60,0.031,73,6.3,25,GANADA,70816.86,70815.85
19/3/2026,02:15:19,XRP/USD,5M,SELL,63.0,-0.060,-8.04,0.032,80,6.4,25,GANADA,1.4659,1.4642
19/3/2026,02:15:19,ADA/USD,5M,SELL,71.9,-0.021,-17.00,0.050,59,10.1,25,GANADA,0.2724,0.2723
19/3/2026,02:18:59,ADA/USD,5M,SELL,60.9,-0.116,-5.99,0.029,86,5.1,28,PENDIENTE,,
19/3/2026,02:25:18,ADA/USD,5M,SELL,60.9,-0.116,-5.99,0.029,86,5.1,28,GANADA,0.2726,0.2724
19/3/2026,02:28:58,BTC/USD,5M,SELL,62.9,-0.427,-7.92,0.031,65,5.1,30,PENDIENTE,,
19/3/2026,02:33:55,BNB/USD,5M,SELL,62.6,-0.448,-7.71,0.020,53,4.1,25,PENDIENTE,,
19/3/2026,02:35:18,BTC/USD,5M,SELL,62.9,-0.427,-7.92,0.031,65,5.1,30,PERDIDA,70694.34,70706.11
19/3/2026,02:38:57,BTC/USD,5M,BUY,68.8,0.687,13.91,0.057,76,10.6,27,PENDIENTE,,
19/3/2026,02:40:19,BNB/USD,5M,SELL,62.6,-0.448,-7.71,0.020,53,4.1,25,PERDIDA,648.36,648.99
19/3/2026,02:45:19,BTC/USD,5M,BUY,68.8,0.687,13.91,0.057,76,10.6,27,PERDIDA,70792.78,70779.99
19/3/2026,03:04:00,BNB/USD,5M,BUY,62.7,0.792,7.77,0.042,81,6.3,33,PENDIENTE,,
19/3/2026,03:09:10,SOL/USD,5M,SELL,64.5,-0.265,-9.58,0.034,66,6.3,27,PENDIENTE,,
19/3/2026,03:10:20,BNB/USD,5M,BUY,62.7,0.792,7.77,0.042,81,6.3,33,GANADA,648.91,649.81
19/3/2026,03:13:57,ETH/USD,15M,BUY,71.3,0.609,16.39,0.075,92,15.0,25,PENDIENTE,,
19/3/2026,03:15:20,SOL/USD,5M,SELL,64.5,-0.265,-9.58,0.034,66,6.3,27,GANADA,89.85,89.82
19/3/2026,03:18:57,SOL/USD,5M,BUY,61.1,0.024,6.18,0.022,72,4.4,25,PENDIENTE,,
19/3/2026,03:25:20,SOL/USD,5M,BUY,61.1,0.024,6.18,0.022,72,4.4,25,PERDIDA,90.03,89.94
19/3/2026,03:28:59,ETH/USD,15M,BUY,83.2,0.956,28.29,0.125,88,25.0,25,PENDIENTE,,
19/3/2026,03:28:59,BTC/USD,5M,SELL,66.3,-0.248,-11.38,0.030,53,6.0,25,PENDIENTE,,
19/3/2026,03:30:20,ETH/USD,15M,BUY,71.3,0.609,16.39,0.075,92,15.0,25,PERDIDA,2191.32,2187.44
19/3/2026,03:34:00,BNB/USD,5M,BUY,62.5,0.683,7.53,0.029,77,5.8,25,PENDIENTE,,
19/3/2026,03:35:20,BTC/USD,5M,SELL,66.3,-0.248,-11.38,0.030,53,6.0,25,GANADA,70731.72,70634.68
19/3/2026,03:40:21,BNB/USD,5M,BUY,62.5,0.683,7.53,0.029,77,5.8,25,GANADA,648.63,649.15
19/3/2026,03:44:02,BTC/USD,5M,SELL,63.4,-0.990,-8.51,0.036,64,5.4,33,PENDIENTE,,
19/3/2026,03:44:03,SOL/USD,5M,SELL,63.7,-0.140,-8.77,0.030,56,4.9,31,PENDIENTE,,
19/3/2026,03:45:21,ETH/USD,15M,BUY,83.2,0.956,28.29,0.125,88,25.0,25,PERDIDA,2187.43,2186.71
19/3/2026,03:48:55,SOL/USD,5M,BUY,66.1,0.035,11.17,0.057,77,8.6,33,PENDIENTE,,
19/3/2026,03:50:21,SOL/USD,5M,SELL,63.7,-0.140,-8.77,0.030,56,4.9,31,GANADA,89.97,89.92
19/3/2026,03:50:36,BTC/USD,5M,SELL,63.4,-0.990,-8.51,0.036,64,5.4,33,GANADA,70713.15,70648.87
19/3/2026,03:50:37,BTC/USD,5M,SELL,63.4,-0.990,-8.51,0.036,64,5.4,33,GANADA,70713.15,70648.87
19/3/2026,03:53:56,BNB/USD,5M,SELL,64.1,-0.053,-9.15,0.033,73,6.7,25,PENDIENTE,,
19/3/2026,03:54:07,BTC/USD,5M,SELL,63.9,-0.265,-8.98,0.044,72,6.4,34,PENDIENTE,,
19/3/2026,03:58:59,ADA/USD,5M,SELL,62.9,-0.068,-7.97,0.034,86,6.8,25,PENDIENTE,,
19/3/2026,03:59:02,BNB/USD,1H,BUY,59.4,0.223,4.50,0.020,90,4.0,25,PENDIENTE,,
19/3/2026,04:00:23,BTC/USD,5M,SELL,63.9,-0.265,-8.98,0.044,72,6.4,34,GANADA,70605.53,70583.22
19/3/2026,04:00:24,BNB/USD,5M,SELL,64.1,-0.053,-9.15,0.033,73,6.7,25,GANADA,648.68,648.67
19/3/2026,04:04:00,BNB/USD,5M,SELL,81.7,-0.705,-26.76,0.087,65,17.3,25,PENDIENTE,,
19/3/2026,04:05:24,ADA/USD,5M,SELL,62.9,-0.068,-7.97,0.034,86,6.8,25,GANADA,0.2713,0.271
19/3/2026,04:08:58,XRP/USD,5M,BUY,63.9,0.249,8.94,0.052,86,7.7,34,PENDIENTE,,
19/3/2026,04:08:58,ETH/USD,5M,BUY,62.7,0.577,7.72,0.035,91,7.0,25,PENDIENTE,,
19/3/2026,04:08:58,BNB/USD,5M,BUY,62.1,0.645,7.15,0.032,89,6.4,25,PENDIENTE,,
19/3/2026,04:10:24,BNB/USD,5M,SELL,81.7,-0.705,-26.76,0.087,65,17.3,25,GANADA,647.76,646.81
19/3/2026,04:15:24,BNB/USD,5M,BUY,62.1,0.645,7.15,0.032,89,6.4,25,PERDIDA,646.81,643.6
19/3/2026,04:15:25,ETH/USD,5M,BUY,62.7,0.577,7.72,0.035,91,7.0,25,PERDIDA,2173.55,2160.71
19/3/2026,04:15:25,XRP/USD,5M,BUY,63.9,0.249,8.94,0.052,86,7.7,34,PERDIDA,1.4667,1.463
19/3/2026,04:34:02,ADA/USD,5M,SELL,62.3,-0.122,-7.40,0.053,90,6.7,40,PENDIENTE,,
19/3/2026,04:40:25,ADA/USD,5M,SELL,62.3,-0.122,-7.40,0.053,90,6.7,40,PERDIDA,0.2682,0.2698
19/3/2026,04:43:59,BNB/USD,5M,SELL,72.3,-0.431,-17.40,0.069,80,13.9,25,PENDIENTE,,
19/3/2026,04:50:25,BNB/USD,5M,SELL,72.3,-0.431,-17.40,0.069,80,13.9,25,GANADA,646.14,645.66
19/3/2026,04:58:55,XRP/USD,30M,SELL,65.9,-0.093,-10.93,0.044,80,8.7,25,PENDIENTE,,
19/3/2026,04:58:55,SOL/USD,5M,SELL,62.9,-0.291,-7.95,0.030,66,5.2,29,PENDIENTE,,
19/3/2026,05:00:25,BNB/USD,1H,BUY,59.4,0.223,4.50,0.020,90,4.0,25,PERDIDA,648.68,645.39
19/3/2026,05:05:25,SOL/USD,5M,SELL,62.9,-0.291,-7.95,0.030,66,5.2,29,GANADA,89.41,89.37
19/3/2026,05:08:58,ETH/USD,5M,SELL,58.7,-0.183,-3.78,0.025,86,3.3,38,PENDIENTE,,
19/3/2026,05:13:58,DOGE/USD,15M,BUY,63.4,0.044,8.47,0.035,84,7.1,25,PENDIENTE,,
19/3/2026,05:15:11,ETH/USD,5M,SELL,58.7,-0.183,-3.78,0.025,86,3.3,38,PERDIDA,2164.71,2165.67
19/3/2026,05:30:11,DOGE/USD,15M,BUY,63.4,0.044,8.47,0.035,84,7.1,25,PERDIDA,0.09441,0.09424
19/3/2026,05:30:12,XRP/USD,30M,SELL,65.9,-0.093,-10.93,0.044,80,8.7,25,GANADA,1.4613,1.4555
19/3/2026,05:39:03,BTC/USD,5M,SELL,66.4,-0.204,-11.50,0.046,80,9.2,25,PENDIENTE,,
19/3/2026,05:43:56,ETH/USD,15M,BUY,73.4,0.990,18.44,0.080,86,15.9,25,PENDIENTE,,
19/3/2026,05:45:12,BTC/USD,5M,SELL,66.4,-0.204,-11.50,0.046,80,9.2,25,PERDIDA,69900.01,70020.67
19/3/2026,05:48:55,SOL/USD,5M,SELL,65.8,-0.135,-10.84,0.029,53,5.8,25,PENDIENTE,,
19/3/2026,05:54:01,BNB/USD,5M,SELL,62.1,-0.907,-7.19,0.026,73,5.2,25,PENDIENTE,,
19/3/2026,05:55:12,SOL/USD,5M,SELL,65.8,-0.135,-10.84,0.029,53,5.8,25,PERDIDA,89.43,89.44
19/3/2026,05:58:58,SOL/USD,30M,BUY,65.1,0.061,10.13,0.046,91,9.2,25,PENDIENTE,,
19/3/2026,05:58:58,DOGE/USD,1H,BUY,62.5,0.105,7.60,0.035,91,6.9,25,PENDIENTE,,
19/3/2026,06:00:12,BNB/USD,5M,SELL,62.1,-0.907,-7.19,0.026,73,5.2,25,PERDIDA,644.21,644.43
19/3/2026,06:00:13,ETH/USD,15M,BUY,73.4,0.990,18.44,0.080,86,15.9,25,PERDIDA,2160.99,2160.66
19/3/2026,06:13:56,ADA/USD,15M,SELL,72.2,-0.210,-17.30,0.069,80,13.8,25,PENDIENTE,,
19/3/2026,06:13:56,ETH/USD,15M,SELL,69.0,-0.563,-14.10,0.058,82,11.6,25,PENDIENTE,,
19/3/2026,06:28:55,ETH/USD,30M,BUY,80.9,0.997,25.95,0.121,93,24.1,25,PENDIENTE,,
19/3/2026,06:28:55,XRP/USD,30M,BUY,62.8,0.288,7.84,0.036,91,7.1,25,PENDIENTE,,
19/3/2026,06:30:13,ETH/USD,15M,SELL,69.0,-0.563,-14.10,0.058,82,11.6,25,PERDIDA,2163.96,2179.95
19/3/2026,06:30:14,ADA/USD,15M,SELL,72.2,-0.210,-17.30,0.069,80,13.8,25,PERDIDA,0.2693,0.2706
19/3/2026,06:30:15,SOL/USD,30M,BUY,65.1,0.061,10.13,0.046,91,9.2,25,GANADA,89.35,89.6
19/3/2026,06:38:57,ADA/USD,5M,SELL,65.7,-0.067,-10.74,0.043,80,8.6,25,PENDIENTE,,
19/3/2026,06:45:13,ADA/USD,5M,SELL,65.7,-0.067,-10.74,0.043,80,8.6,25,PERDIDA,0.2708,0.271
19/3/2026,06:48:57,BTC/USD,5M,BUY,63.7,0.122,8.73,0.040,91,8.0,25,PENDIENTE,,
19/3/2026,06:55:13,BTC/USD,5M,BUY,63.7,0.122,8.73,0.040,91,8.0,25,PERDIDA,70537.43,70432.7
19/3/2026,06:58:57,XRP/USD,30M,BUY,72.7,0.203,17.74,0.077,86,15.3,25,PENDIENTE,,
19/3/2026,06:58:57,SOL/USD,30M,SELL,63.2,-0.117,-8.23,0.027,65,5.3,25,PENDIENTE,,
19/3/2026,07:00:14,XRP/USD,30M,BUY,62.8,0.288,7.84,0.036,91,7.1,25,GANADA,1.4635,1.4693
19/3/2026,07:00:14,ETH/USD,30M,BUY,80.9,0.997,25.95,0.121,93,24.1,25,GANADA,2179.96,2189.42
19/3/2026,07:00:15,DOGE/USD,1H,BUY,62.5,0.105,7.60,0.035,91,6.9,25,GANADA,0.09419,0.09508
19/3/2026,07:14:02,ADA/USD,5M,SELL,75.3,-0.166,-20.35,0.060,59,12.0,25,PENDIENTE,,
19/3/2026,07:14:02,ADA/USD,15M,SELL,62.1,-0.166,-7.20,0.023,65,4.7,25,PENDIENTE,,
19/3/2026,07:20:15,ADA/USD,5M,SELL,75.3,-0.166,-20.35,0.060,59,12.0,25,EMPATE,0.2716,0.2716
19/3/2026,07:30:14,ADA/USD,15M,SELL,62.1,-0.166,-7.20,0.023,65,4.7,25,GANADA,0.2716,0.2711
19/3/2026,07:30:15,SOL/USD,30M,SELL,63.2,-0.117,-8.23,0.027,65,5.3,25,PERDIDA,90.19,90.21
19/3/2026,07:30:16,XRP/USD,30M,BUY,72.7,0.203,17.74,0.077,86,15.3,25,PERDIDA,1.4693,1.4669
19/3/2026,07:33:57,BTC/USD,5M,SELL,62.3,-0.383,-7.37,0.022,60,4.4,25,PENDIENTE,,
19/3/2026,07:40:18,BTC/USD,5M,SELL,62.3,-0.383,-7.37,0.022,60,4.4,25,GANADA,70318.01,70237.11
19/3/2026,07:48:57,BTC/USD,5M,BUY,64.1,0.505,9.13,0.031,68,6.2,25,PENDIENTE,,
19/3/2026,07:53:59,DOGE/USD,5M,BUY,65.1,0.038,10.12,0.046,91,9.2,25,PENDIENTE,,
19/3/2026,07:55:19,BTC/USD,5M,BUY,64.1,0.505,9.13,0.031,68,6.2,25,PERDIDA,70267.96,70174.11
19/3/2026,07:58:55,BNB/USD,15M,SELL,68.9,-0.515,-13.93,0.041,59,8.2,25,PENDIENTE,,
19/3/2026,07:58:56,ETH/USD,30M,BUY,62.2,0.296,7.24,0.036,100,7.2,25,PENDIENTE,,
19/3/2026,07:58:56,DOGE/USD,5M,BUY,63.2,0.283,8.27,0.035,84,6.9,25,PENDIENTE,,
19/3/2026,08:03:59,DOGE/USD,5M,BUY,68.3,0.106,13.41,0.058,86,11.6,25,PENDIENTE,,
19/3/2026,08:10:20,DOGE/USD,5M,BUY,68.3,0.106,13.41,0.058,86,11.6,25,PERDIDA,0.09407,0.09396
19/3/2026,08:14:04,DOGE/USD,15M,BUY,67.5,0.043,12.59,0.043,68,8.6,25,PENDIENTE,,
19/3/2026,08:14:05,BNB/USD,15M,SELL,61.7,-0.980,-6.78,0.024,72,4.9,25,PENDIENTE,,
19/3/2026,08:29:03,BNB/USD,15M,BUY,76.1,0.459,21.13,0.098,93,19.6,25,PENDIENTE,,
19/3/2026,08:29:03,ETH/USD,30M,BUY,67.3,0.523,12.40,0.048,77,9.5,25,PENDIENTE,,
19/3/2026,08:30:21,BNB/USD,15M,SELL,61.7,-0.980,-6.78,0.024,72,4.9,25,PERDIDA,645.18,645.52
19/3/2026,08:30:22,DOGE/USD,15M,BUY,67.5,0.043,12.59,0.043,68,8.6,25,GANADA,0.09402,0.09419
19/3/2026,08:33:55,DOGE/USD,5M,SELL,61.0,-0.073,-6.05,0.022,73,4.4,25,PENDIENTE,,
19/3/2026,08:40:21,DOGE/USD,5M,SELL,61.0,-0.073,-6.05,0.022,73,4.4,25,GANADA,0.09411,0.0939
19/3/2026,08:45:21,BNB/USD,15M,BUY,76.1,0.459,21.13,0.098,93,19.6,25,PERDIDA,645.52,644.21
19/3/2026,08:58:56,ETH/USD,15M,BUY,67.2,0.686,12.27,0.051,82,10.1,25,PENDIENTE,,
19/3/2026,08:58:56,DOGE/USD,5M,SELL,63.5,-0.284,-8.54,0.035,82,7.0,25,PENDIENTE,,
19/3/2026,09:00:22,ETH/USD,30M,BUY,67.3,0.523,12.40,0.048,77,9.5,25,PERDIDA,2174.75,2166.92
19/3/2026,09:03:59,BTC/USD,5M,BUY,64.2,0.988,9.26,0.033,72,6.6,25,PENDIENTE,,
19/3/2026,09:05:22,DOGE/USD,5M,SELL,63.5,-0.284,-8.54,0.035,82,7.0,25,GANADA,0.09402,0.09391
19/3/2026,09:10:22,BTC/USD,5M,BUY,64.2,0.988,9.26,0.033,72,6.6,25,PERDIDA,69841.09,69678.23
19/3/2026,09:13:58,ETH/USD,15M,BUY,62.6,0.906,7.62,0.032,84,6.4,25,PENDIENTE,,
19/3/2026,09:15:22,ETH/USD,15M,BUY,67.2,0.686,12.27,0.051,82,10.1,25,PERDIDA,2166.92,2162.06
19/3/2026,09:23:58,BTC/USD,5M,SELL,61.3,-0.211,-6.32,0.023,73,4.6,25,PENDIENTE,,
19/3/2026,13:09:01,DOGE/USD,5M,BUY,64.3,67.5,3,0.221,9.33,0.047,92,9.5,25,0.637,0.9052,63.3,PENDIENTE,,
19/3/2026,13:15:13,DOGE/USD,5M,BUY,64.3,67.5,3,0.221,9.33,0.047,92,9.5,25,0.637,0.9052,63.3,PERDIDA,0.09263,0.09248
20/3/2026,02:33:57,SOL/USD,5M,BUY,69.1,74.3,2,0.159,14.14,0.070,92,14.0,25,0.507,0.9099,70.0,PENDIENTE,,
20/3/2026,02:40:20,SOL/USD,5M,BUY,69.1,74.3,2,0.159,14.14,0.070,92,14.0,25,0.507,0.9099,70.0,GANADA,88.92,89.23
20/3/2026,10:26:37,DOGE/USD,1H,BUY,75.4,0.042,20.46,0.049,80,16.3,15,PENDIENTE,,,EXECUTE,85,REVERSAL,ELITE+AGRESIVO
20/3/2026,10:26:45,XRP/USD,30M,BUY,57.8,-0.424,2.81,0.006,73,2.0,15,PENDIENTE,,,PASS,58,TRAP,AGRESIVO
20/3/2026,10:26:50,DOGE/USD,15M,SELL,57.6,0.042,-2.65,0.005,59,1.6,15,PENDIENTE,,,PASS,32,TRAP,AGRESIVO
20/3/2026,10:28:41,XRP/USD,30M,BUY,57.8,-0.318,2.81,0.006,73,2.0,15,PENDIENTE,,,PASS,58,TRAP,AGRESIVO
20/3/2026,10:28:47,DOGE/USD,15M,SELL,57.6,0.267,-2.65,0.005,59,1.6,15,PENDIENTE,,,PASS,42,TRAP,AGRESIVO
20/3/2026,10:43:42,DOGE/USD,15M,SELL,57.8,0.486,-2.82,0.005,59,1.7,15,PENDIENTE,,,PASS,42,TRAP,AGRESIVO
20/3/2026,10:45:15,DOGE/USD,15M,SELL,57.6,0.267,-2.65,0.005,59,1.6,15,GANADA,0.09402,0.09394,PASS,42,TRAP,AGRESIVO
20/3/2026,10:45:15,DOGE/USD,15M,SELL,57.6,0.042,-2.65,0.005,59,1.6,15,GANADA,0.09402,0.09394,PASS,32,TRAP,AGRESIVO
20/3/2026,10:53:41,DOGE/USD,5M,SELL,65.7,-0.017,-10.81,0.023,72,7.8,15,PENDIENTE,,,PASS,42,TRAP,AGRESIVO
20/3/2026,10:58:42,DOGE/USD,5M,BUY,62.6,-0.222,7.71,0.020,86,6.6,15,PENDIENTE,,,EXECUTE,68,TRAP,AGRESIVO
20/3/2026,10:58:48,SOL/USD,15M,SELL,60.1,0.046,-5.20,0.016,100,5.2,15,PENDIENTE,,,PASS,42,TRAP,AGRESIVO
20/3/2026,10:58:53,DOGE/USD,1H,SELL,58.4,-0.222,-3.50,0.006,59,2.1,15,PENDIENTE,,,PASS,42,TRAP,AGRESIVO
20/3/2026,11:00:15,DOGE/USD,5M,SELL,65.7,-0.017,-10.81,0.023,72,7.8,15,GANADA,0.09356,0.09341,PASS,42,TRAP,AGRESIVO
20/3/2026,11:00:16,DOGE/USD,15M,SELL,57.8,0.486,-2.82,0.005,59,1.7,15,GANADA,0.09394,0.09341,PASS,42,TRAP,AGRESIVO
20/3/2026,11:00:17,XRP/USD,30M,BUY,57.8,-0.318,2.81,0.006,73,2.0,15,PERDIDA,1.4453,1.438,PASS,58,TRAP,AGRESIVO
20/3/2026,11:00:17,XRP/USD,30M,BUY,57.8,-0.424,2.81,0.006,73,2.0,15,PERDIDA,1.4453,1.438,PASS,58,TRAP,AGRESIVO
20/3/2026,11:05:15,DOGE/USD,5M,BUY,62.6,-0.222,7.71,0.020,86,6.6,15,GANADA,0.09342,0.0936,EXECUTE,68,TRAP,AGRESIVO
20/3/2026,11:08:43,DOGE/USD,5M,BUY,62.2,-0.011,7.28,0.016,72,5.2,15,PENDIENTE,,,PASS,59,TRAP,AGRESIVO
20/3/2026,11:13:39,DOGE/USD,15M,SELL,64.3,-0.343,-9.34,0.012,43,4.1,15,PENDIENTE,,,PASS,38,TRAP,AGRESIVO
20/3/2026,11:15:16,DOGE/USD,5M,BUY,62.2,-0.011,7.28,0.016,72,5.2,15,PERDIDA,0.0937,0.09354,PASS,59,TRAP,AGRESIVO
20/3/2026,11:15:16,SOL/USD,15M,SELL,60.1,0.046,-5.20,0.016,100,5.2,15,GANADA,88.81,88.64,PASS,42,TRAP,AGRESIVO
20/3/2026,11:23:40,DOGE/USD,5M,SELL,69.8,0.192,-14.87,0.029,65,9.6,15,PENDIENTE,,,PASS,42,TRAP,AGRESIVO
20/3/2026,11:28:41,DOGE/USD,15M,SELL,69.1,-0.186,-14.12,0.027,65,9.1,15,PENDIENTE,,,PASS,42,TRAP,ELITE+AGRESIVO
20/3/2026,11:28:47,XRP/USD,15M,SELL,59.0,0.472,-4.07,0.007,59,2.4,15,PENDIENTE,,,PASS,42,TRAP,AGRESIVO
20/3/2026,11:30:16,DOGE/USD,5M,SELL,69.8,0.192,-14.87,0.029,65,9.6,15,PERDIDA,0.09364,0.09379,PASS,42,TRAP,AGRESIVO
20/3/2026,11:30:17,DOGE/USD,15M,SELL,64.3,-0.343,-9.34,0.012,43,4.1,15,PERDIDA,0.09354,0.09379,PASS,38,TRAP,AGRESIVO
